{
  "temperature": 1.573105940375019,
  "brier_before": 0.09193878320338662,
  "brier_after": 0.0900674090133569
}